full_date,date_sk,year,month,day,weekday,quarter
01-01-2024,1,2024,1,1,1,1
02-01-2024,2,2024,1,2,2,1
03-01-2024,3,2024,1,3,3,1
04-01-2024,4,2024,1,4,4,1
05-01-2024,5,2024,1,5,5,1
06-01-2024,6,2024,1,6,6,1
07-01-2024,7,2024,1,7,7,1
08-01-2024,8,2024,1,8,1,1
09-01-2024,9,2024,1,9,2,1
10-01-2024,10,2024,1,10,3,1
11-01-2024,11,2024,1,11,4,1
12-01-2024,12,2024,1,12,5,1
13-01-2024,13,2024,1,13,6,1
14-01-2024,14,2024,1,14,7,1
15-01-2024,15,2024,1,15,1,1
16-01-2024,16,2024,1,16,2,1
17-01-2024,17,2024,1,17,3,1
18-01-2024,18,2024,1,18,4,1
19-01-2024,19,2024,1,19,5,1
20-01-2024,20,2024,1,20,6,1
21-01-2024,21,2024,1,21,7,1
22-01-2024,22,2024,1,22,1,1
23-01-2024,23,2024,1,23,2,1
24-01-2024,24,2024,1,24,3,1
25-01-2024,25,2024,1,25,4,1
26-01-2024,26,2024,1,26,5,1
27-01-2024,27,2024,1,27,6,1
28-01-2024,28,2024,1,28,7,1
29-01-2024,29,2024,1,29,1,1
30-01-2024,30,2024,1,30,2,1
31-01-2024,31,2024,1,31,3,1
01-02-2024,32,2024,2,1,4,1
02-02-2024,33,2024,2,2,5,1
03-02-2024,34,2024,2,3,6,1
04-02-2024,35,2024,2,4,7,1
05-02-2024,36,2024,2,5,1,1
06-02-2024,37,2024,2,6,2,1
07-02-2024,38,2024,2,7,3,1
08-02-2024,39,2024,2,8,4,1
09-02-2024,40,2024,2,9,5,1
10-02-2024,41,2024,2,10,6,1
11-02-2024,42,2024,2,11,7,1
12-02-2024,43,2024,2,12,1,1
13-02-2024,44,2024,2,13,2,1
14-02-2024,45,2024,2,14,3,1
15-02-2024,46,2024,2,15,4,1
16-02-2024,47,2024,2,16,5,1
17-02-2024,48,2024,2,17,6,1
18-02-2024,49,2024,2,18,7,1
19-02-2024,50,2024,2,19,1,1
20-02-2024,51,2024,2,20,2,1
21-02-2024,52,2024,2,21,3,1
22-02-2024,53,2024,2,22,4,1
23-02-2024,54,2024,2,23,5,1
24-02-2024,55,2024,2,24,6,1
25-02-2024,56,2024,2,25,7,1
26-02-2024,57,2024,2,26,1,1
27-02-2024,58,2024,2,27,2,1
28-02-2024,59,2024,2,28,3,1
29-02-2024,60,2024,2,29,4,1
01-03-2024,61,2024,3,1,5,1
02-03-2024,62,2024,3,2,6,1
03-03-2024,63,2024,3,3,7,1
04-03-2024,64,2024,3,4,1,1
05-03-2024,65,2024,3,5,2,1
06-03-2024,66,2024,3,6,3,1
07-03-2024,67,2024,3,7,4,1
08-03-2024,68,2024,3,8,5,1
09-03-2024,69,2024,3,9,6,1
10-03-2024,70,2024,3,10,7,1
11-03-2024,71,2024,3,11,1,1
12-03-2024,72,2024,3,12,2,1
13-03-2024,73,2024,3,13,3,1
14-03-2024,74,2024,3,14,4,1
15-03-2024,75,2024,3,15,5,1
16-03-2024,76,2024,3,16,6,1
17-03-2024,77,2024,3,17,7,1
18-03-2024,78,2024,3,18,1,1
19-03-2024,79,2024,3,19,2,1
20-03-2024,80,2024,3,20,3,1
21-03-2024,81,2024,3,21,4,1
22-03-2024,82,2024,3,22,5,1
23-03-2024,83,2024,3,23,6,1
24-03-2024,84,2024,3,24,7,1
25-03-2024,85,2024,3,25,1,1
26-03-2024,86,2024,3,26,2,1
27-03-2024,87,2024,3,27,3,1
28-03-2024,88,2024,3,28,4,1
29-03-2024,89,2024,3,29,5,1
30-03-2024,90,2024,3,30,6,1
31-03-2024,91,2024,3,31,7,1
01-04-2024,92,2024,4,1,1,2
02-04-2024,93,2024,4,2,2,2
03-04-2024,94,2024,4,3,3,2
04-04-2024,95,2024,4,4,4,2
05-04-2024,96,2024,4,5,5,2
06-04-2024,97,2024,4,6,6,2
07-04-2024,98,2024,4,7,7,2
08-04-2024,99,2024,4,8,1,2
09-04-2024,100,2024,4,9,2,2
10-04-2024,101,2024,4,10,3,2
11-04-2024,102,2024,4,11,4,2
12-04-2024,103,2024,4,12,5,2
13-04-2024,104,2024,4,13,6,2
14-04-2024,105,2024,4,14,7,2
15-04-2024,106,2024,4,15,1,2
16-04-2024,107,2024,4,16,2,2
17-04-2024,108,2024,4,17,3,2
18-04-2024,109,2024,4,18,4,2
19-04-2024,110,2024,4,19,5,2
20-04-2024,111,2024,4,20,6,2
21-04-2024,112,2024,4,21,7,2
22-04-2024,113,2024,4,22,1,2
23-04-2024,114,2024,4,23,2,2
24-04-2024,115,2024,4,24,3,2
25-04-2024,116,2024,4,25,4,2
26-04-2024,117,2024,4,26,5,2
27-04-2024,118,2024,4,27,6,2
28-04-2024,119,2024,4,28,7,2
29-04-2024,120,2024,4,29,1,2
30-04-2024,121,2024,4,30,2,2
01-05-2024,122,2024,5,1,3,2
02-05-2024,123,2024,5,2,4,2
03-05-2024,124,2024,5,3,5,2
04-05-2024,125,2024,5,4,6,2
05-05-2024,126,2024,5,5,7,2
06-05-2024,127,2024,5,6,1,2
07-05-2024,128,2024,5,7,2,2
08-05-2024,129,2024,5,8,3,2
09-05-2024,130,2024,5,9,4,2
10-05-2024,131,2024,5,10,5,2
11-05-2024,132,2024,5,11,6,2
12-05-2024,133,2024,5,12,7,2
13-05-2024,134,2024,5,13,1,2
14-05-2024,135,2024,5,14,2,2
15-05-2024,136,2024,5,15,3,2
16-05-2024,137,2024,5,16,4,2
17-05-2024,138,2024,5,17,5,2
18-05-2024,139,2024,5,18,6,2
19-05-2024,140,2024,5,19,7,2
20-05-2024,141,2024,5,20,1,2
21-05-2024,142,2024,5,21,2,2
22-05-2024,143,2024,5,22,3,2
23-05-2024,144,2024,5,23,4,2
24-05-2024,145,2024,5,24,5,2
25-05-2024,146,2024,5,25,6,2
26-05-2024,147,2024,5,26,7,2
27-05-2024,148,2024,5,27,1,2
28-05-2024,149,2024,5,28,2,2
29-05-2024,150,2024,5,29,3,2
30-05-2024,151,2024,5,30,4,2
31-05-2024,152,2024,5,31,5,2
01-06-2024,153,2024,6,1,6,2
02-06-2024,154,2024,6,2,7,2
03-06-2024,155,2024,6,3,1,2
04-06-2024,156,2024,6,4,2,2
05-06-2024,157,2024,6,5,3,2
06-06-2024,158,2024,6,6,4,2
07-06-2024,159,2024,6,7,5,2
08-06-2024,160,2024,6,8,6,2
09-06-2024,161,2024,6,9,7,2
10-06-2024,162,2024,6,10,1,2
11-06-2024,163,2024,6,11,2,2
12-06-2024,164,2024,6,12,3,2
13-06-2024,165,2024,6,13,4,2
14-06-2024,166,2024,6,14,5,2
15-06-2024,167,2024,6,15,6,2
16-06-2024,168,2024,6,16,7,2
17-06-2024,169,2024,6,17,1,2
18-06-2024,170,2024,6,18,2,2
19-06-2024,171,2024,6,19,3,2
20-06-2024,172,2024,6,20,4,2
21-06-2024,173,2024,6,21,5,2
22-06-2024,174,2024,6,22,6,2
23-06-2024,175,2024,6,23,7,2
24-06-2024,176,2024,6,24,1,2
25-06-2024,177,2024,6,25,2,2
26-06-2024,178,2024,6,26,3,2
27-06-2024,179,2024,6,27,4,2
28-06-2024,180,2024,6,28,5,2
29-06-2024,181,2024,6,29,6,2
30-06-2024,182,2024,6,30,7,2
01-07-2024,183,2024,7,1,1,3
02-07-2024,184,2024,7,2,2,3
03-07-2024,185,2024,7,3,3,3
04-07-2024,186,2024,7,4,4,3
05-07-2024,187,2024,7,5,5,3
06-07-2024,188,2024,7,6,6,3
07-07-2024,189,2024,7,7,7,3
08-07-2024,190,2024,7,8,1,3
09-07-2024,191,2024,7,9,2,3
10-07-2024,192,2024,7,10,3,3
11-07-2024,193,2024,7,11,4,3
12-07-2024,194,2024,7,12,5,3
13-07-2024,195,2024,7,13,6,3
14-07-2024,196,2024,7,14,7,3
15-07-2024,197,2024,7,15,1,3
16-07-2024,198,2024,7,16,2,3
17-07-2024,199,2024,7,17,3,3
18-07-2024,200,2024,7,18,4,3
19-07-2024,201,2024,7,19,5,3
20-07-2024,202,2024,7,20,6,3
21-07-2024,203,2024,7,21,7,3
22-07-2024,204,2024,7,22,1,3
23-07-2024,205,2024,7,23,2,3
24-07-2024,206,2024,7,24,3,3
25-07-2024,207,2024,7,25,4,3
26-07-2024,208,2024,7,26,5,3
27-07-2024,209,2024,7,27,6,3
28-07-2024,210,2024,7,28,7,3
29-07-2024,211,2024,7,29,1,3
30-07-2024,212,2024,7,30,2,3
31-07-2024,213,2024,7,31,3,3
01-08-2024,214,2024,8,1,4,3
02-08-2024,215,2024,8,2,5,3
03-08-2024,216,2024,8,3,6,3
04-08-2024,217,2024,8,4,7,3
05-08-2024,218,2024,8,5,1,3
06-08-2024,219,2024,8,6,2,3
07-08-2024,220,2024,8,7,3,3
08-08-2024,221,2024,8,8,4,3
09-08-2024,222,2024,8,9,5,3
10-08-2024,223,2024,8,10,6,3
11-08-2024,224,2024,8,11,7,3
12-08-2024,225,2024,8,12,1,3
13-08-2024,226,2024,8,13,2,3
14-08-2024,227,2024,8,14,3,3
15-08-2024,228,2024,8,15,4,3
16-08-2024,229,2024,8,16,5,3
17-08-2024,230,2024,8,17,6,3
18-08-2024,231,2024,8,18,7,3
19-08-2024,232,2024,8,19,1,3
20-08-2024,233,2024,8,20,2,3
21-08-2024,234,2024,8,21,3,3
22-08-2024,235,2024,8,22,4,3
23-08-2024,236,2024,8,23,5,3
24-08-2024,237,2024,8,24,6,3
25-08-2024,238,2024,8,25,7,3
26-08-2024,239,2024,8,26,1,3
27-08-2024,240,2024,8,27,2,3
28-08-2024,241,2024,8,28,3,3
29-08-2024,242,2024,8,29,4,3
30-08-2024,243,2024,8,30,5,3
31-08-2024,244,2024,8,31,6,3
01-09-2024,245,2024,9,1,7,3
02-09-2024,246,2024,9,2,1,3
03-09-2024,247,2024,9,3,2,3
04-09-2024,248,2024,9,4,3,3
05-09-2024,249,2024,9,5,4,3
06-09-2024,250,2024,9,6,5,3
07-09-2024,251,2024,9,7,6,3
08-09-2024,252,2024,9,8,7,3
09-09-2024,253,2024,9,9,1,3
10-09-2024,254,2024,9,10,2,3
11-09-2024,255,2024,9,11,3,3
12-09-2024,256,2024,9,12,4,3
13-09-2024,257,2024,9,13,5,3
14-09-2024,258,2024,9,14,6,3
15-09-2024,259,2024,9,15,7,3
16-09-2024,260,2024,9,16,1,3
17-09-2024,261,2024,9,17,2,3
18-09-2024,262,2024,9,18,3,3
19-09-2024,263,2024,9,19,4,3
20-09-2024,264,2024,9,20,5,3
21-09-2024,265,2024,9,21,6,3
22-09-2024,266,2024,9,22,7,3
23-09-2024,267,2024,9,23,1,3
24-09-2024,268,2024,9,24,2,3
25-09-2024,269,2024,9,25,3,3
26-09-2024,270,2024,9,26,4,3
27-09-2024,271,2024,9,27,5,3
28-09-2024,272,2024,9,28,6,3
29-09-2024,273,2024,9,29,7,3
30-09-2024,274,2024,9,30,1,3
01-10-2024,275,2024,10,1,2,4
02-10-2024,276,2024,10,2,3,4
03-10-2024,277,2024,10,3,4,4
04-10-2024,278,2024,10,4,5,4
05-10-2024,279,2024,10,5,6,4
06-10-2024,280,2024,10,6,7,4
07-10-2024,281,2024,10,7,1,4
08-10-2024,282,2024,10,8,2,4
09-10-2024,283,2024,10,9,3,4
10-10-2024,284,2024,10,10,4,4
11-10-2024,285,2024,10,11,5,4
12-10-2024,286,2024,10,12,6,4
13-10-2024,287,2024,10,13,7,4
14-10-2024,288,2024,10,14,1,4
15-10-2024,289,2024,10,15,2,4
16-10-2024,290,2024,10,16,3,4
17-10-2024,291,2024,10,17,4,4
18-10-2024,292,2024,10,18,5,4
19-10-2024,293,2024,10,19,6,4
20-10-2024,294,2024,10,20,7,4
21-10-2024,295,2024,10,21,1,4
22-10-2024,296,2024,10,22,2,4
23-10-2024,297,2024,10,23,3,4
24-10-2024,298,2024,10,24,4,4
25-10-2024,299,2024,10,25,5,4
26-10-2024,300,2024,10,26,6,4
27-10-2024,301,2024,10,27,7,4
28-10-2024,302,2024,10,28,1,4
29-10-2024,303,2024,10,29,2,4
30-10-2024,304,2024,10,30,3,4
31-10-2024,305,2024,10,31,4,4
01-11-2024,306,2024,11,1,5,4
02-11-2024,307,2024,11,2,6,4
03-11-2024,308,2024,11,3,7,4
04-11-2024,309,2024,11,4,1,4
05-11-2024,310,2024,11,5,2,4
06-11-2024,311,2024,11,6,3,4
07-11-2024,312,2024,11,7,4,4
08-11-2024,313,2024,11,8,5,4
09-11-2024,314,2024,11,9,6,4
10-11-2024,315,2024,11,10,7,4
11-11-2024,316,2024,11,11,1,4
12-11-2024,317,2024,11,12,2,4
13-11-2024,318,2024,11,13,3,4
14-11-2024,319,2024,11,14,4,4
15-11-2024,320,2024,11,15,5,4
16-11-2024,321,2024,11,16,6,4
17-11-2024,322,2024,11,17,7,4
18-11-2024,323,2024,11,18,1,4
19-11-2024,324,2024,11,19,2,4
20-11-2024,325,2024,11,20,3,4
21-11-2024,326,2024,11,21,4,4
22-11-2024,327,2024,11,22,5,4
23-11-2024,328,2024,11,23,6,4
24-11-2024,329,2024,11,24,7,4
25-11-2024,330,2024,11,25,1,4
26-11-2024,331,2024,11,26,2,4
27-11-2024,332,2024,11,27,3,4
28-11-2024,333,2024,11,28,4,4
29-11-2024,334,2024,11,29,5,4
30-11-2024,335,2024,11,30,6,4
01-12-2024,336,2024,12,1,7,4
02-12-2024,337,2024,12,2,1,4
03-12-2024,338,2024,12,3,2,4
04-12-2024,339,2024,12,4,3,4
05-12-2024,340,2024,12,5,4,4
06-12-2024,341,2024,12,6,5,4
07-12-2024,342,2024,12,7,6,4
08-12-2024,343,2024,12,8,7,4
09-12-2024,344,2024,12,9,1,4
10-12-2024,345,2024,12,10,2,4
11-12-2024,346,2024,12,11,3,4
12-12-2024,347,2024,12,12,4,4
13-12-2024,348,2024,12,13,5,4
14-12-2024,349,2024,12,14,6,4
15-12-2024,350,2024,12,15,7,4
16-12-2024,351,2024,12,16,1,4
17-12-2024,352,2024,12,17,2,4
18-12-2024,353,2024,12,18,3,4
19-12-2024,354,2024,12,19,4,4
20-12-2024,355,2024,12,20,5,4
21-12-2024,356,2024,12,21,6,4
22-12-2024,357,2024,12,22,7,4
23-12-2024,358,2024,12,23,1,4
24-12-2024,359,2024,12,24,2,4
25-12-2024,360,2024,12,25,3,4
26-12-2024,361,2024,12,26,4,4
27-12-2024,362,2024,12,27,5,4
28-12-2024,363,2024,12,28,6,4
29-12-2024,364,2024,12,29,7,4
30-12-2024,365,2024,12,30,1,4
31-12-2024,366,2024,12,31,2,4
